Title,Status,Ad_Reference,Ad_Reference_Files,Type_Reference,❗ Generate Type,❗ Brand Voice,❗Creative Style Twist,❗ Ad Instructions,❗ Additional Images,❗ Aspect Ratio,❗ Generate_Images,Generate Ad,Reference Files,Imported Date,URL_Reference,Transcript_Reference,Body_Reference,CTA_Reference,Brand Voices copy,Caption_Reference,Media_Description_Reference,Generate Ads - Draft Ads,Image Styles copy,Creative Styles copy,Creative Styles copy
,Generating...,Diagnóstico de Estruturação Comercial,"thumbnail.jpg (https://v5.airtableusercontent.com/v3/u/47/47/1764014400000/TfD8yG6-jmWY1YS1-bv-vw/-5F-BRkf6CWOHTaKN0J8nor9ZTDSlBcOe6hyXwov6pTM9V9p1SA6kxFm-opmPDPuqyoKSyI3TVLBbsAkVA_Kd300QUBRFZK0DwJlcOEv9mXO2eTb3TB7DIudtl0aK3GreycpCm2QhuQ9dYe8F_u9xD7tT7Jowrd0Pnv1M3gYVsw/4sZpB0Of3m4KaaIIoZ4Q4OCIz-FD446MXk-hvYjWQtI),video.mp4 (https://v5.airtableusercontent.com/v3/u/47/47/1764014400000/U5aRutCyUa0JzDaP4ZB79w/_brWuaBm1Nx6f9pp82j9ZLUZ6xwC7mMLQQiZEyDzgzf_bYEGoM0NY-G9XvkCjNScZcbIaJ_RqAe2iMNxzvL-Ki-QGYax-jBF2HuI8wuXcbIoMlClFVf43PGy6strA6nuZgYmbWTBImaAFs9-JLdAUk-ihWU5wlgdtXe6fj9Ius0/405_D3US4RxFpSVpXxYvAgSHwYyvEPa6X_hhiAByvoQ)",Video,Video,Mottivme Sales - Marcos Daniels Voice,(Ativo) Emular anúncio existente,Crie um anúncio vencedor para a Mottivme Sales. Use o anúncio como base para modelar,,9:16 (Story),checked,https://cliente-a1.mentorfy.io/webhook/67af7153-878f-4af0-b018-2972be99d0e0?id=recqSuqYKOEkRAe4U,"thumbnail.jpg (https://v5.airtableusercontent.com/v3/u/47/47/1764014400000/TfD8yG6-jmWY1YS1-bv-vw/-5F-BRkf6CWOHTaKN0J8nor9ZTDSlBcOe6hyXwov6pTM9V9p1SA6kxFm-opmPDPuqyoKSyI3TVLBbsAkVA_Kd300QUBRFZK0DwJlcOEv9mXO2eTb3TB7DIudtl0aK3GreycpCm2QhuQ9dYe8F_u9xD7tT7Jowrd0Pnv1M3gYVsw/4sZpB0Of3m4KaaIIoZ4Q4OCIz-FD446MXk-hvYjWQtI),video.mp4 (https://v5.airtableusercontent.com/v3/u/47/47/1764014400000/U5aRutCyUa0JzDaP4ZB79w/_brWuaBm1Nx6f9pp82j9ZLUZ6xwC7mMLQQiZEyDzgzf_bYEGoM0NY-G9XvkCjNScZcbIaJ_RqAe2iMNxzvL-Ki-QGYax-jBF2HuI8wuXcbIoMlClFVf43PGy6strA6nuZgYmbWTBImaAFs9-JLdAUk-ihWU5wlgdtXe6fj9Ius0/405_D3US4RxFpSVpXxYvAgSHwYyvEPa6X_hhiAByvoQ)",5 de Novembro de 2025 7:17am,https://www.facebook.com/ads/library/?id=1379974303730297,"Eu sei que você já faturou seus cem, duzentos, trezentos mil reais, mas ainda não está 100% satisfeito com o seu setor comercial. Convive com um time desengajado com a meta, dificuldade de manter vendas previsíveis e bons vendedores e o pior, algumas vendas dependendo 100% de você. Agora imagina se você pudesse ter um processo comercial liso, que funcionasse como um relógio, em alto desempenho, com tecnologia, com dados para você aferir o resultado desse processo comercial e ele pudesse ser escalável e que não dependesse de você. E, além disso, poder contar com uma assessoria para te guiar através desse processo, para evitar perdas financeiras e de tempo em tentativas e erros. Se isso te pareceu interessante, cadastre-se no diagnóstico 360 da Full Sales, onde a gente vai analisar os gargalos do seu negócio, a gente vai identificar planos de ação e protocolos que você deve aplicar hoje no seu negócio para ter mais desempenho no seu setor comercial. Se você não me conhece, prazer, eu sou Vinicius de Sá, co-fundador da Full Sales System e com mais de 12 anos de experiência em operações comerciais próprias e mais de R$77.000.000 faturados para as nossas empresas. Criamos a maior Sales Tech do Brasil, que é focada para pequenas e médias empresas que desejam multiplicar seu faturamento com estratégias e processos comerciais. Não foi à toa que fizemos no primeiro ano e 15 dias, R$10.000.000 e já temos mais de 250 empresas assessoradas com NPS de 9,42. Sendo considerada hoje a maior de resultados comprovados para os nossos clientes. Mas antes de conhecer o que podemos fazer por você, participe da primeira consultoria gratuita com um especialista que vai te direcionar os próximos passos para tornar o seu comercial um setor de muita previsibilidade e lucro. Porque o comercial é o coração da sua empresa. Então trate bem e trate com especialistas. Aperte agora em saiba mais que eu tô te esperando do outro lado.","Eu sei que você ja fatura seus 100 mil reais mas não está satisfeito com seu time comercial....

Toque abaixo e tente uma vaga com nosso time.",Learn more,,https://fss.fullsalessystem.com/fap01,"A man in a blue suit, Vinicius de Sá, speaks directly to the camera, addressing business owners who are unsatisfied with their sales department's performance. He highlights common issues like inconsistent revenue and disengaged teams. He then introduces his company, Full Sales System, as a solution that offers a structured, scalable sales process. The video includes clips of presentations, company events, and successful clients to build credibility. The main call to action is for viewers to sign up for a free diagnostic consultation to improve their business's commercial sector.","""Seu comercial fatura bem, mas opera no caos?"",Seu Faturamento Travou? O Problema é o Processo.,O Sistema Comercial que Roda Sem Você.",,,
,Ready to Generate,Unnamed record,"thumbnail.jpg (https://v5.airtableusercontent.com/v3/u/47/47/1764014400000/7wF63A1LU50A_5biIGqdiQ/EmYsuaGo6M7rCW6cEPV3uDjqHWoYezOeEVuzrlHJ65gNQsiOdBEvUr2jGcO4zFBL6ZxdDL5X6CmkN_Y36DdnpmGn6Z4Q-y2rhzPaDgOFdwDxMOYBcocKwnMwe2MU6-PzUOgggXlqzTUxKBOHZBbZ9WJA8LaFhVOMufPxGHVlZLw/K1iOK22DRoz7M5i0qmTh9d4tU_mytOE7LJ06TOkum9c),video.mp4 (https://v5.airtableusercontent.com/v3/u/47/47/1764014400000/jirNJox-R00o26cU2fNKCA/kxRbYpqCRRC4XryHOmChhLoQuebm5pQRwRzDSM3h-iTiU_OwpwqDAvY0rw_61p8pNW_AtPZHjKj-2PE-tYmDafojUMsEzD-hOLeMUXB5N-qj8w-h2qwpPlkqSkZQ8PunZlJL-G5xKk0lf3bZps1QOpyE1lJzYZwUKMz7cx6aIyg/OSOMeQ9uXHHWfHiU1tn8jO0W8VzTswjhBpMlyr7ykR4)",Video,,,,,,,checked,https://cliente-a1.mentorfy.io/webhook/67af7153-878f-4af0-b018-2972be99d0e0?id=recKS244SN9tPcOye,"thumbnail.jpg (https://v5.airtableusercontent.com/v3/u/47/47/1764014400000/7wF63A1LU50A_5biIGqdiQ/EmYsuaGo6M7rCW6cEPV3uDjqHWoYezOeEVuzrlHJ65gNQsiOdBEvUr2jGcO4zFBL6ZxdDL5X6CmkN_Y36DdnpmGn6Z4Q-y2rhzPaDgOFdwDxMOYBcocKwnMwe2MU6-PzUOgggXlqzTUxKBOHZBbZ9WJA8LaFhVOMufPxGHVlZLw/K1iOK22DRoz7M5i0qmTh9d4tU_mytOE7LJ06TOkum9c),video.mp4 (https://v5.airtableusercontent.com/v3/u/47/47/1764014400000/jirNJox-R00o26cU2fNKCA/kxRbYpqCRRC4XryHOmChhLoQuebm5pQRwRzDSM3h-iTiU_OwpwqDAvY0rw_61p8pNW_AtPZHjKj-2PE-tYmDafojUMsEzD-hOLeMUXB5N-qj8w-h2qwpPlkqSkZQ8PunZlJL-G5xKk0lf3bZps1QOpyE1lJzYZwUKMz7cx6aIyg/OSOMeQ9uXHHWfHiU1tn8jO0W8VzTswjhBpMlyr7ykR4)",12 de Novembro de 2025 4:36pm,https://www.facebook.com/ads/library/?id=833827555732517,"Se eu não pudesse provar, talvez também eu não acreditaria. Mas olha só o que esse acelerado que saiu de R$80.000 mensais de faturamento para R$320.000 mensais, disse. Ele estava faturando R$80.000, esse mês R$320.000 já. Cara, eu tive uma crise feia, né, de março, né? Março e abril, minhas campanhas pararam. Eu tive banimentos, perdi conta, foi horrível. Aí em maio, a gente começou a reestruturar o marketing. Aí em junho, eu comecei a ter problemas comerciais, aí com a Full Sales eu consegui treinar, resolvi. Aí em julho, ele tava faturando R$80.000, esse mês R$320.000 já. Inclusive, contratei com a Full Sales o processo seletivo de um SDR. Nós vamos contratar um SDR sênior. Porque tem uma menina do SDR que é advogada, eu vou conseguir aproveitar ela mais para me ajudar nas reuniões. A minha intenção é investir mais, aumentar a demanda, ter gente para curir um processo comercial para absorver essa demanda, mais reuniões, mais fechamentos. Então, o céu é o limite agora, porque eu tô mais seguro, né, Bruno? A Full Sales ela não só me ajudou a ter um processo de venda estruturado, scriptizado, um método, mas eu tenho hoje um setor comercial estruturado. Então, hoje eu tenho confiança de dobrar, por exemplo, os orçamentos, de trazer novos produtos na esteira. Então, assim, agora o céu é o limite, cara. Daqui pra frente é só crescimento.","Veja só o depoimento do Talisson que, com os processos da Full Sales chegou a esse patamar de faturamento 

Isso porque confiaram na Full Sales System.",Call to action.,,,"The video presents a testimonial from a business owner who explains how his company's monthly revenue grew from R$80,000 to R$320,000. He recounts overcoming a business crisis involving his marketing campaigns by restructuring his marketing and sales processes with the help of a company called ""Full Sales."" He expresses his newfound confidence to scale the business further by hiring more staff and increasing investments, stating that the sky is the limit for future growth.",,,,
,Generating...,Unnamed record,"thumbnail.jpg (https://v5.airtableusercontent.com/v3/u/47/47/1764014400000/heTf7CTXrQVi_KkBNPzLIg/WRKy8n9g6vxQv3eeQSz2fhRRmNweTWFROsY15g50HnaLJXx8eGadoUNF_xjnEk3D8bieG49vx_tZTLbcWstO3Ip74CaF6eR754iNwWDxLOlohMMz_9d6n-PCNDslpNrm6UAKfoJY1BPaL6H62_XcH0yoXi6FiawL93y78KQmDw4/TTKr4MljImHZVB2vJfK-V23cCJyRnN6XWc8uQBD4s5I),video.mp4 (https://v5.airtableusercontent.com/v3/u/47/47/1764014400000/JfN92OPAgxlkswHTl9v3sQ/hTSJn31DQ1Gd9HnfhNxHBhrmOG4If6S36sK_2G_2ItOetwE0RqJC8LyaSxp08xASfYkpO_y8pCTrw99HsktrVRwW6wf-p6FrfcIAxlBWyxi-UslkDk_71DsO_UTidqGeOgtr7xWJckH93QJUnmaI-zt3L2PUK5YsL-YJWbiCQVI/jhdvSMjG62eNd4bSwYnufZdPYp2WAbSXFjZhDqXTIYI)",Video,Image,Mottivme Sales - Marcos Daniels Voice,Combinando múltiplos elementos,"Gere a imagem de um médico do futuro como se ele fosse um meio robô e meio homem. A legenda deve ser futurista
",,,checked,https://cliente-a1.mentorfy.io/webhook/67af7153-878f-4af0-b018-2972be99d0e0?id=rec7NNoHfvOiCm0bu,"thumbnail.jpg (https://v5.airtableusercontent.com/v3/u/47/47/1764014400000/heTf7CTXrQVi_KkBNPzLIg/WRKy8n9g6vxQv3eeQSz2fhRRmNweTWFROsY15g50HnaLJXx8eGadoUNF_xjnEk3D8bieG49vx_tZTLbcWstO3Ip74CaF6eR754iNwWDxLOlohMMz_9d6n-PCNDslpNrm6UAKfoJY1BPaL6H62_XcH0yoXi6FiawL93y78KQmDw4/TTKr4MljImHZVB2vJfK-V23cCJyRnN6XWc8uQBD4s5I),video.mp4 (https://v5.airtableusercontent.com/v3/u/47/47/1764014400000/JfN92OPAgxlkswHTl9v3sQ/hTSJn31DQ1Gd9HnfhNxHBhrmOG4If6S36sK_2G_2ItOetwE0RqJC8LyaSxp08xASfYkpO_y8pCTrw99HsktrVRwW6wf-p6FrfcIAxlBWyxi-UslkDk_71DsO_UTidqGeOgtr7xWJckH93QJUnmaI-zt3L2PUK5YsL-YJWbiCQVI/jhdvSMjG62eNd4bSwYnufZdPYp2WAbSXFjZhDqXTIYI)",12 de Novembro de 2025 4:47pm,https://www.facebook.com/ads/library/?id=2068173723952373,"Por que que eu não aconselho que você deixe as vendas do seu consultório na mão da sua secretária ou da sua closer? Mesmo que você ache que elas têm uma boa taxa de conversão. Primeiro porque venda é conexão. Então, quem mais tende a se conectar é o médico. Tem tempo suficiente para isso, está sabendo segredos do paciente que a secretária não vai ter como saber. Quanto maior a conexão, mais as vendas, mais você pode precificar. Então, tua secretária vende muito, poderia vender muito mais se você aprender técnicas de conexão e venda. Segundo motivo é porque você pode criar uma certa dependência dela. E se ela adoecer? Se ela pedir um aumento que não é factível? Você vende, e é o melhor vendedor ou vendedora, sua secretária também vai vender. Assim você vai ter a melhor performance. Terceiro motivo é porque a negociação é muito mais fácil ser feito com o próprio médico. Afinal de contas, né, você é o dono do seu negócio, você também pode falar pro seu paciente que vai fazer uma condição especial pra ele porque quer muito transformar a vida dele acima de qualquer coisa. Secretária não pode falar isso porque não é ela que vai transformar a vida desse paciente. Então, a venda é emocional e só há maior conexão. Você quer mais ajuda pra performar as vendas do seu consultório, precificar, planos de acompanhamento com tickets acima do do normal? Escreve aqui embaixo a palavra vendas ou então no meu direct, que eu ou o meu time vai te ajudar pessoalmente com isso. Você deve estar vendo que nossos resultados são acima da média, né? Abraço.","🎯 3 motivos para você, médico, NÃO deixar as vendas dos seus planos nas mãos da secretária ou do closer👇

1️⃣ Venda é conexão 

O paciente não compra só o plano… compra VOCÊ, sua segurança, seu olhar clínico e sua promessa de transformação. Ninguém melhor do que você para isto. 

2️⃣ Liberdade

Depender de outra pessoa vai inevitavelmente te fazer perder muitas oportunidades e engessar o negócio. Tudo, menos na venda! 

3️⃣ Negociação 

Quem vai saber negociar com sentimento melhor do que o médico ? Ninguém 

🚨 Se você quer vender planos mais caros, com mais previsibilidade e atrair pacientes mais comprometidos, precisa dominar essa habilidade.

🔒 Me envie a palavra “VENDAS” no direct que eu te mostro como nossos mentorados médicos estão fechando planos com tickets muito acima do comum.",Learn more,,form.typeform.com,"A man in a grey blazer speaks directly to the camera, giving business advice to medical professionals. The text on screen reads ""Secretária Vendendo?"" (""Secretary Selling?""). He argues that doctors, not their secretaries, should be responsible for sales in their clinics. He provides three reasons: doctors can build stronger connections with patients, it avoids dependency on an employee, and doctors have more authority to negotiate. He concludes with a call to action for those seeking to improve their clinic's sales performance.",,,,
,Generating...,[Sessão Gratuita] 30 minutos com meu time,image.jpg (https://v5.airtableusercontent.com/v3/u/47/47/1764014400000/BHVYOvXoiTUaPO0wa8CWqQ/bXyUpv3kcUDEePfo5I7m7FNSVU5t3Cv49Ddmuntar1YoRsl9FihJphsAHQQj8Gms7j614BbNYRGcB0qmpTuD2ryJPitam_z1f5xAZn2c6YzOoWcWAQ_eEXBguWwtr22zl5uPPts4A4gkoQvZqrF4OZP2aMc4IEUU3kd4d_UyDxg/36wjnjBxPWMhzuRtlDXezPGlTkbIfbePOGTfpaga-0g),Image,Image,Mottivme Sales - Marcos Daniels Voice,(Ativo) Emular anúncio existente,"Gere um anúncio como esse falando sobre nossa máquina de gerar faturamento para o médico que nao sabe gerir time, nós gerimos por voce",,9:16 (Story),checked,https://cliente-a1.mentorfy.io/webhook/67af7153-878f-4af0-b018-2972be99d0e0?id=recGPKCuGYNVHTAmo,image.jpg (https://v5.airtableusercontent.com/v3/u/47/47/1764014400000/BHVYOvXoiTUaPO0wa8CWqQ/bXyUpv3kcUDEePfo5I7m7FNSVU5t3Cv49Ddmuntar1YoRsl9FihJphsAHQQj8Gms7j614BbNYRGcB0qmpTuD2ryJPitam_z1f5xAZn2c6YzOoWcWAQ_eEXBguWwtr22zl5uPPts4A4gkoQvZqrF4OZP2aMc4IEUU3kd4d_UyDxg/36wjnjBxPWMhzuRtlDXezPGlTkbIfbePOGTfpaga-0g),20 de Novembro de 2025 5:16am,https://www.facebook.com/ads/library/?id=1308679527353403,"PROTOCOLO
MÉDICO 100K
Mais de mil médicos já
estão faturando 100 mil
por mês, sem depender
de convênio ou plantões.

Descubra como aplicar
esse método e construir um
consultório lucrativo.

DE R$ 1.197,00
POR R$ 0,00

TOQUE EM ""SAIBA MAIS"" E GARANTA
UM PROTOCOLO PERSONALIZADO","30 min com meu time. Isso é o suficiente para você entender como alcançar os 100k/mês — acredite, sem ser especialista!

Muitos médicos não acreditam que é possível viver uma vida com tempo para descanso, família e para investir em outros projetos.
Mas, 7 anos atrás, eu utilizava um sistema que me permitia cobrar 1,5K por consulta.

O nome dele é HEX-MED e ele é composto por 3 pilares:
1️⃣ Movimento Autêntico Posicionado (MAP);
2️⃣ Comunicação Médica Magnética (CMM);
3️⃣ Fluxo do Cliente Ideal (FCI).

Você também pode começar o seu MOVIMENTO de autenticidade e posicionamento na sua carreira e a desenvolver a sua COMUNICAÇÃO MAGNÉTICA para aprender a atrair o seu CLIENTE IDEAL.

Para entender como implementar o HEX-MED na sua carreira, candidate-se agora a uma Sessão Estratégica de 30 minutos com o meu time.",Learn more,,imperiomedico.com.br,"The image shows two men in business attire, with the one in the foreground being more prominent. He is looking directly at the viewer with his chin resting on his hand. The background is dark and somewhat out of focus. The overall tone of the image is professional and serious.",Seu consultório pode gerar 100k/mês com previsibilidade?,,,
,Ready to Generate,Unnamed record,"thumbnail.jpg (https://v5.airtableusercontent.com/v3/u/47/47/1764014400000/Xj08s7tl0e_O-UQ-_nNNtg/YViBU7rs78-Vtc2zk9yi_y_nbqU7oiaYbvTi6LSEzsMSJbthHJjldPiEMdsl-ZQjnzxVF_gkQMBByPGvTdFT0jRu4CbrVe83qpG2VlMEMy81230ke1rTSKYLRwH-xqsmn3GX65Rf67X0iyddX_4V9y6njgPAetur2zrhdoHt92o/cwyF783MhT8pHvsV7erIxJO9MZjqqRXC2bpv7CFIzDc),video.mp4 (https://v5.airtableusercontent.com/v3/u/47/47/1764014400000/DvXLTgZIy0AKW39hg5U_lw/jw9syOuDiV4tQ9RPNzBf_0YJXeH0m1Qj39hOa8mxQKuEhZNqXZOKtdKD2nYJH9EJNGWg9DyVeTgCCEqw5-a2Wu1GHM5z8wxnOXAHrltmshSWE23uBsO0yZasyDb2KoixzB1PlSB85U9jIPWL62ok1PTD1osJP5L3AEprZlvZ7Mc/mcJ7yX0Yn-WDHjJ9VGq13YNTxbpIyJKQTvti7x89Pd4)",Video,,,,,,,checked,https://cliente-a1.mentorfy.io/webhook/67af7153-878f-4af0-b018-2972be99d0e0?id=recOItRDB4kqhKQ2Z,"thumbnail.jpg (https://v5.airtableusercontent.com/v3/u/47/47/1764014400000/Xj08s7tl0e_O-UQ-_nNNtg/YViBU7rs78-Vtc2zk9yi_y_nbqU7oiaYbvTi6LSEzsMSJbthHJjldPiEMdsl-ZQjnzxVF_gkQMBByPGvTdFT0jRu4CbrVe83qpG2VlMEMy81230ke1rTSKYLRwH-xqsmn3GX65Rf67X0iyddX_4V9y6njgPAetur2zrhdoHt92o/cwyF783MhT8pHvsV7erIxJO9MZjqqRXC2bpv7CFIzDc),video.mp4 (https://v5.airtableusercontent.com/v3/u/47/47/1764014400000/DvXLTgZIy0AKW39hg5U_lw/jw9syOuDiV4tQ9RPNzBf_0YJXeH0m1Qj39hOa8mxQKuEhZNqXZOKtdKD2nYJH9EJNGWg9DyVeTgCCEqw5-a2Wu1GHM5z8wxnOXAHrltmshSWE23uBsO0yZasyDb2KoixzB1PlSB85U9jIPWL62ok1PTD1osJP5L3AEprZlvZ7Mc/mcJ7yX0Yn-WDHjJ9VGq13YNTxbpIyJKQTvti7x89Pd4)",20 de Novembro de 2025 5:18am,https://www.facebook.com/ads/library/?id=667922513024314,"O que falar quando um paciente fala assim: ""Nossa Dr., tá muito caro essa cirurgia, esse protocolo, esse plano de acompanhamento."" Eu sei que muita gente vai te dar um script pronto, mas a verdade é que a melhor interpretação não é essa. E por que que você deveria acreditar em mim? Porque eu lidero um grupo que tem resultados como esses aqui que tá aparecendo na sua tela, de pessoas que vendem planos de acompanhamento mais que cem mil reais, mais que cinquenta mil reais com muita frequência. A verdade é que a pessoa, ela no fundo, no fundo, ela não confiou o suficiente em você pra ela fazer tamanho esforço pra chegar nesse nível de pagamento que você tá requerendo pelo seu serviço. Claro que ela confiou, senão não teria ido ao seu consultório, mas não confiou o suficiente pra se esforçar pra chegar nesse nível de pagamento. Não, não tem, não vale a pena pedir ajuda à família, fazer um empréstimo, vender o carro, vender um terreno pra desfrutar do teu serviço. Portanto, não é o que você vai falar, mas sim como você vai se comportar, a sua energia, a sua confiança. Talvez vale a pena você retomar a conversa e agir de uma forma muito mais líder. Isso vai fazer as pessoas sentirem seguras que vai ser o melhor investimento da vida delas. Comunicação é muito mais uma questão de linguagem corporal e tonalidade de voz do que script, segundo a programação neurolinguística. Não cometa mais esse erro. Vamos pra cima.","🧠 O paciente não disse que está caro…
Ele sentiu que você não confia o suficiente no que está oferecendo pelo preço que passou.

👉 Não adianta decorar script.
Se sua energia, tom de voz e linguagem corporal não comunicam segurança… o “tá caro” vem na hora.

🔁 Compartilha esse vídeo com quem PRECISA ouvir isso antes de dizer “Estou atraindo pacientes desqualificados”! 

Bora virar a chave e acelerar 🏎️🏎️

#mentoriamedica #aceleradormedico #vendashighticket #mentoriaparamedicos #mastermindmedico",Learn more,,form.typeform.com,"A man stands outdoors in front of a modern house, giving advice to professionals (likely doctors) on how to respond when a patient says a procedure is too expensive. He argues that the problem isn't the price but a lack of perceived value and trust. To prove his point, he shows screenshots of high sales figures from his students. He advises that instead of using a script, the professional should focus on their confidence, energy, and leadership to convince the patient of the investment's worth, emphasizing the importance of body language and tone of voice.",,,,
,Ready to Generate,Unnamed record,"thumbnail.jpg (https://v5.airtableusercontent.com/v3/u/47/47/1764014400000/3pQkIKF4JCVZNh-Wl_QYQQ/S-D9vCl5M77HseXCTpw-oeBpuP4rmOph9VvRhsi7cxGNO44UtIAy9uuj3XK_zLTp7V5WSqNhrnAbjMVvIsGPXAn9LuNPqUw40ZdPOTWMS6W2BPYi66eqoqVgL1b5E1f6YwjyQKl-fDPRMuHTKL2qW8DzsfU619Sj92OItjPYdrM/T8T0IcKqYS3S5gf6M4I-9PdYxY2tMabTVEbUFFBj3kY),video.mp4 (https://v5.airtableusercontent.com/v3/u/47/47/1764014400000/cNYdj6bIRXGaaOd27SxN9g/a5f-56AUHYAhraFGyPftwWlCThqFI4wGaJR3pJNDvEF0RfUhLgZOS4k_W9sJwJA_O_Wl8grWTiwpBYJWtXrfvvSLzYca15F0V_rYZkShSrLaTR_daJvp0SV5DX6GB2RdHXkxGxWq9rCeG5yBIkEBwNdDLKh7dJzvA3Wdah1GECc/HzQomVR2-zeZx4NuwwkSD9mtXB2e5LI5wT1ZUcnC82c)",Video,,,,,,,checked,https://cliente-a1.mentorfy.io/webhook/67af7153-878f-4af0-b018-2972be99d0e0?id=rec4CvzfevuVeE7DT,"thumbnail.jpg (https://v5.airtableusercontent.com/v3/u/47/47/1764014400000/3pQkIKF4JCVZNh-Wl_QYQQ/S-D9vCl5M77HseXCTpw-oeBpuP4rmOph9VvRhsi7cxGNO44UtIAy9uuj3XK_zLTp7V5WSqNhrnAbjMVvIsGPXAn9LuNPqUw40ZdPOTWMS6W2BPYi66eqoqVgL1b5E1f6YwjyQKl-fDPRMuHTKL2qW8DzsfU619Sj92OItjPYdrM/T8T0IcKqYS3S5gf6M4I-9PdYxY2tMabTVEbUFFBj3kY),video.mp4 (https://v5.airtableusercontent.com/v3/u/47/47/1764014400000/cNYdj6bIRXGaaOd27SxN9g/a5f-56AUHYAhraFGyPftwWlCThqFI4wGaJR3pJNDvEF0RfUhLgZOS4k_W9sJwJA_O_Wl8grWTiwpBYJWtXrfvvSLzYca15F0V_rYZkShSrLaTR_daJvp0SV5DX6GB2RdHXkxGxWq9rCeG5yBIkEBwNdDLKh7dJzvA3Wdah1GECc/HzQomVR2-zeZx4NuwwkSD9mtXB2e5LI5wT1ZUcnC82c)",20 de Novembro de 2025 8:03pm,https://www.facebook.com/ads/library/?id=1523501048866540,"Imagina aplicar 5 a 10% de uma metodologia e já triplicar o seu faturamento. Foi isso que um acelerado chamado Enoque fez com o sistema comercial Full Sales, e olha só o que ele disse. A economia de tempo, a possibilidade de aumentar o faturamento, de crescer o nosso negócio e levar o nosso propósito para mais pessoas, foi o que nos chamou mais atenção. Então essa jornada, ela tem poucos meses, são 2 meses, mais ou menos. E nesses 2 meses, a gente conseguiu ter um resultado bastante expressivo, implementando assim, cara, 5%... da 10% no máximo, da estrutura que a Full Sales nos possibilitou. Então, a gente pôde ver logo de cara que com pouca aplicação, com pouca estruturação, a gente já teve um resultado expressivo. Logo, a gente entendeu, cara, estamos no caminho certo. Olha, o fato de você ter um grupo onde você tem ali a sua estrutura, né, seja você, seus sócios ou parte da sua equipe, estrategistas e a equipe da Full Sales, para mim fez toda a diferença na pronta resposta. Ou seja, eu entro em contato, tenho uma demanda específica, vou lá, solicito ali um suporte de alguém, sempre tem alguém disponível para poder te ajudar. Isso otimiza tempo, porque no final das contas, o que a gente está comprando no programa é tempo. Já o grupo de networking também é muito enriquecedor porque você tem dores que podem ser comum a outras pessoas, assim como outras pessoas têm dores que podem ser comum também ao seu negócio. E essa troca é muito valiosa. E a gente sabe que dentro de um empreendedorismo, estar em ambiente de pessoas que também estão buscando crescer ou que já estão no lugar que você deseja estar, isso é muito enriquecedor porque faz com que a gente consiga acelerar também o nosso processo.",O Enoque seguiu os processos comerciais da Full Sales e teve sua empresa acelerada.,Call to action.,,,"A man in a blue blazer introduces a testimonial from a client named Enoque. Enoque shares his success story with the 'Full Sales' program, explaining how implementing just a small percentage of its methodology led to significant revenue growth in only two months. He highlights the program's benefits, including time efficiency, business scaling, excellent support, and valuable networking opportunities with other entrepreneurs.",,,,
,Ready to Generate,Diagnóstico de Estruturação Comercial,"thumbnail.jpg (https://v5.airtableusercontent.com/v3/u/47/47/1764014400000/fkCW8Hq83g9r4UxwAURbTA/HkWChK6D847wN6kFaOjHsp7kIncpCH5aPZ5bN5msnxyzXJ16vM_AyIiNxeAuYPb0_a1teuc557dLSfpRgESiJuXmgZau5lEC6pf4pB8x3OhYnv_Dvqx_p-jvYpeQHijpvN-6_R-eT1u3u96zIr9QSCNJgY5WzhLGEkaT3vySznM/j_gseUdj_sYH8wtTJoKqkKUKf5ArWBbqe3txklR8UKA),video.mp4 (https://v5.airtableusercontent.com/v3/u/47/47/1764014400000/RYiaaHu1XLAJtv3Hu78KQQ/z0wIPXMXt78G5iSc4qY680ECea0GVXi-fOBHaZLWSmxRJ9tQ9tYcu5qK0OK0hSQU2-RRiHZetnhzG1ANKQnxQdn6rvECoHtHTiRn6P629JqavTIYMnvV9GxgEnzWD-FKNBtku5ZafufuT0dl_apDgimSMpngMOdRBvuUDBwS_pM/6F_y7Cd5v3ZHHPtqFIQO7cz2PoScvAAvqMngP4Oq7HY)",Video,,,,,,,checked,https://cliente-a1.mentorfy.io/webhook/67af7153-878f-4af0-b018-2972be99d0e0?id=recl7EySlzNywJti0,"thumbnail.jpg (https://v5.airtableusercontent.com/v3/u/47/47/1764014400000/fkCW8Hq83g9r4UxwAURbTA/HkWChK6D847wN6kFaOjHsp7kIncpCH5aPZ5bN5msnxyzXJ16vM_AyIiNxeAuYPb0_a1teuc557dLSfpRgESiJuXmgZau5lEC6pf4pB8x3OhYnv_Dvqx_p-jvYpeQHijpvN-6_R-eT1u3u96zIr9QSCNJgY5WzhLGEkaT3vySznM/j_gseUdj_sYH8wtTJoKqkKUKf5ArWBbqe3txklR8UKA),video.mp4 (https://v5.airtableusercontent.com/v3/u/47/47/1764014400000/RYiaaHu1XLAJtv3Hu78KQQ/z0wIPXMXt78G5iSc4qY680ECea0GVXi-fOBHaZLWSmxRJ9tQ9tYcu5qK0OK0hSQU2-RRiHZetnhzG1ANKQnxQdn6rvECoHtHTiRn6P629JqavTIYMnvV9GxgEnzWD-FKNBtku5ZafufuT0dl_apDgimSMpngMOdRBvuUDBwS_pM/6F_y7Cd5v3ZHHPtqFIQO7cz2PoScvAAvqMngP4Oq7HY)",24 de Novembro de 2025 12:21pm,https://www.facebook.com/ads/library/?id=761356996900468,"Estou aqui na Argentina, tomando um bom vinho. Hoje é dia 20. Ontem, no dia 19, meu time vendeu R$100.000, sem a minha presença. Ou seja, estou de férias, celebrando o meu aniversário, enquanto isso meu time está vendendo. Sabe por que isso acontece? Porque aqui na Full Sales, nós temos um processo de vendas de alto valor. Processo esse que possibilitou a gente a faturar 8.6 milhões no primeiro ano de operação. Processo de vendas com estratégias comerciais, com processos comerciais e times comerciais. E eu consigo ajudar você a ter essa mesma liberdade que eu tenho, de poder viajar ou fazer qualquer outra coisa e não ficar ansioso ou preocupado se a operação está ou não acontecendo, se o teu negócio está ou não acontecendo. Se você implementar agora um processo de vendas claro, você pode ter essa liberdade. Não só essa liberdade, mas você também pode ter mais previsibilidade, lucro e escala. Eu estou falando de mais dinheiro no seu bolso. Eu estou falando de mais liberdade. Eu estou falando de mais escala. Eu estou falando de um caixa previsível para você. Então, eu preparei um diagnóstico gratuito para você, para que meu time de executivo possa avaliar onde você pode melhorar o seu funil comercial, o seu processo comercial, ou então implementar o time comercial. Lá, nós iremos ensinar para você o passo a passo. E eu não estou falando de reuniãozinha de venda, não. Eu estou falando de te ajudar no seu processo. Então se você quer entender como funciona, clique em saiba mais ou em algum lugar dessa tela.","Sonha com 25% de agendamento e 40% de conversão nas vendas? 🎯

Veja como nossa estratégia simples nos rendeu mais de R$35 milhões, focando em operações comerciais previsíveis, sem depender apenas do marketing.

Cadastre-se e conheça a Full Sales System: Sua fórmula para escalar vendas com certeza. 💼🚀",Learn more,,https://fss.fullsalessystem.com/fap01,"A man with a shaved head and a beard, wearing a grey Gucci scarf, speaks to the camera while holding a glass of red wine. He is in a room with a large window overlooking a scenic landscape. A text banner at the top reads ""EXCLUSIVO PARA EMPRESAS QUE FATURAM ACIMA DE 150K AO MÊS"". He explains that his business can run without him, allowing him to be on vacation, thanks to a robust sales process. He offers to help other business owners achieve similar freedom, predictability, and profit by implementing his methods, concluding with a call to action for a free diagnostic consultation. Subtitles appear throughout the video, reinforcing his message.",,,,
,Ready to Generate,Unnamed record,"thumbnail.jpg (https://v5.airtableusercontent.com/v3/u/47/47/1764014400000/nW-d27_ITQFndyWhfEkaPw/OtbJHz_o3DM6RjijELEMN8uk1OvwMgAaWXHIj0jJltHZmRMurTwd_NqA36Bb9IOkRjGmLKIWYIJsQxv5j7C8ljLGjlfIMSFVdk2ag6yDX0Pt_etNB-EVaCz_KHELcNt-yvb9jYUVrB_Bu8zuAM3z9v9Dm0PRSin5YNTviH5R8Yg/rqG9R38GVkjK28Cxcr7MxFo5bZb4H2hp4gi9baHCEZE),video.mp4 (https://v5.airtableusercontent.com/v3/u/47/47/1764014400000/8MjyNyE85tSwjIoxwihsaQ/LNjk3iwwjh5Rf-T7d7iYk5sDrGeEsaoC5eL4DilhmBMeh1Ay4UtSXnPu4Zg0UCM5HyfiXRD0qhQ8H1wZFopvAzh77ZCb4bX2H5RdXwJ698xvqy8eDS-O8o-mypHVpP98V7M6u2C0wVcEKCCAp45Lr757G0usxbl9XoFjlIjDnTU/w_h03kxRH5VYhjFde6sUAgk1Oax4Xbc7d7QRZuc9sJo)",Video,,,,,,,checked,https://cliente-a1.mentorfy.io/webhook/67af7153-878f-4af0-b018-2972be99d0e0?id=rec1x2M5dEsFxy7H0,"thumbnail.jpg (https://v5.airtableusercontent.com/v3/u/47/47/1764014400000/nW-d27_ITQFndyWhfEkaPw/OtbJHz_o3DM6RjijELEMN8uk1OvwMgAaWXHIj0jJltHZmRMurTwd_NqA36Bb9IOkRjGmLKIWYIJsQxv5j7C8ljLGjlfIMSFVdk2ag6yDX0Pt_etNB-EVaCz_KHELcNt-yvb9jYUVrB_Bu8zuAM3z9v9Dm0PRSin5YNTviH5R8Yg/rqG9R38GVkjK28Cxcr7MxFo5bZb4H2hp4gi9baHCEZE),video.mp4 (https://v5.airtableusercontent.com/v3/u/47/47/1764014400000/8MjyNyE85tSwjIoxwihsaQ/LNjk3iwwjh5Rf-T7d7iYk5sDrGeEsaoC5eL4DilhmBMeh1Ay4UtSXnPu4Zg0UCM5HyfiXRD0qhQ8H1wZFopvAzh77ZCb4bX2H5RdXwJ698xvqy8eDS-O8o-mypHVpP98V7M6u2C0wVcEKCCAp45Lr757G0usxbl9XoFjlIjDnTU/w_h03kxRH5VYhjFde6sUAgk1Oax4Xbc7d7QRZuc9sJo)",24 de Novembro de 2025 12:22pm,https://www.facebook.com/ads/library/?id=1349127300149017,"Vou te mostrar nesse vídeo como você consegue atrair 65% de qualificação em compra de mídia, mesmo em escala, usando diferentes empilhamentos de canais de aquisição e funis de vendas. Esse é o pilar 2 do sistema Full Sales. Primeira coisa que a gente precisa fundamentar aqui é o que são funis de marketing ou canais de aquisição? É o caminho pelo qual o teu cliente passa quando ele se torna um lead, ou seja, um prospect, alguém que tem uma possibilidade ou curiosidade de conhecer o que você vende, até o momento de comprar o teu produto, por isso que chama funis de venda. A gente também chama de funis de marketing pela questão de que às vezes esse funil, ele traz o cliente para que o comercial, que é o funil de vendas, converta. Hoje aqui na Full Sales a gente usa simplesmente dois tipos de canais de aquisição, que são funis de marketing. O primeiro, funil de aplicação. É um tipo de funil em que você coloca um formulário para a pessoa preencher uma série de perguntas para garantir que ele é teu cliente ideal e a partir disso você consegue garantir que ela vai comprar de você numa reunião de vendas. E um segundo, que é o funil de aquisição. Esse funil de aquisição é quando ela compra ou baixa um produto, é comprando um produto de ticket muito baixo para que você consiga ter escala na compra desses leads. Esses produtos têm um termo específico para conseguir chamar a atenção somente daqueles clientes que têm a possibilidade de comprar o teu produto e serviço, independente do que você venda. Eu vou te dar um exemplo aqui, talvez você não consiga pensar muito bem que tipo de produto você possa vender, mas, por exemplo, se você tem uma clínica de cirurgia plástica, você pode vender um guia rápido com uma aula com um dos médicos que você tem aí, explicando para o cliente final como ele pode conseguir ter resultados mais rápidos com a cirurgia sem precisar passar pelo trauma do tratamento. Faz sentido o que eu tô falando? Ou então, por exemplo, é uma assessoria de marketing, você pode fazer uma venda de um guia de como conseguir atrair leads mais qualificados para o teu cliente ideal que está procurando por isso. Ou de uma cirurgia ortognática, por exemplo, um guia de como conseguir lidar bem com os ferimentos. Eu fiz uma cirurgia ortognática e sei bem que eu compraria, por exemplo, um guia desses. A partir desse primeiro produto, você consegue chamar a atenção do teu cliente ideal para depois conseguir vender outras soluções para ele. Empilhando funis de aplicação e de aquisição, você consegue garantir com certeza que o número de pessoas qualificadas que você está captando é um número superior, talvez até a 65%. O que a gente faz aqui também, que é uma dica rápida para ti, que é um segredinho: é conseguir enviar de volta para as empresas de compra de mídia, o Google, a Meta, o TikTok, ou onde quer que você rode o tráfego, LinkedIn, somente os leads que você considera como qualificados, seja aquelas pessoas que preencheram a aplicação ou que compraram ou baixaram no teu funil de aquisição. Se você gostou desse conteúdo, fica ligado que no próximo vídeo a gente vai te mostrar o próximo pilar da Full Sales.","Conheça o segundo pilar do Sistema da Full Sales System

Acompanhe os próximos vídeos pra conhecer os outros pilares do sistema que gerou mais de 10 milhões no primeiro ano de empresa.",Call to action.,,,"A man in a blue blazer explains how to attract highly qualified leads (up to 65% qualification) using specific marketing funnels. He details two main types: an 'application funnel,' which uses a form to screen potential clients, and an 'acquisition funnel,' which sells a low-cost product to identify ideal customers. Throughout the video, he uses hand gestures and text overlays to emphasize his points and gives practical examples for different businesses, such as a plastic surgery clinic and a marketing agency.",,,,
,Ready to Generate,Unnamed record,"thumbnail.jpg (https://v5.airtableusercontent.com/v3/u/47/47/1764014400000/nW-d27_ITQFndyWhfEkaPw/OtbJHz_o3DM6RjijELEMN8uk1OvwMgAaWXHIj0jJltHZmRMurTwd_NqA36Bb9IOkRjGmLKIWYIJsQxv5j7C8ljLGjlfIMSFVdk2ag6yDX0Pt_etNB-EVaCz_KHELcNt-yvb9jYUVrB_Bu8zuAM3z9v9Dm0PRSin5YNTviH5R8Yg/rqG9R38GVkjK28Cxcr7MxFo5bZb4H2hp4gi9baHCEZE),video.mp4 (https://v5.airtableusercontent.com/v3/u/47/47/1764014400000/8MjyNyE85tSwjIoxwihsaQ/LNjk3iwwjh5Rf-T7d7iYk5sDrGeEsaoC5eL4DilhmBMeh1Ay4UtSXnPu4Zg0UCM5HyfiXRD0qhQ8H1wZFopvAzh77ZCb4bX2H5RdXwJ698xvqy8eDS-O8o-mypHVpP98V7M6u2C0wVcEKCCAp45Lr757G0usxbl9XoFjlIjDnTU/w_h03kxRH5VYhjFde6sUAgk1Oax4Xbc7d7QRZuc9sJo)",Video,,,,,,,checked,https://cliente-a1.mentorfy.io/webhook/67af7153-878f-4af0-b018-2972be99d0e0?id=rec7f969NaZgRlyij,"thumbnail.jpg (https://v5.airtableusercontent.com/v3/u/47/47/1764014400000/nW-d27_ITQFndyWhfEkaPw/OtbJHz_o3DM6RjijELEMN8uk1OvwMgAaWXHIj0jJltHZmRMurTwd_NqA36Bb9IOkRjGmLKIWYIJsQxv5j7C8ljLGjlfIMSFVdk2ag6yDX0Pt_etNB-EVaCz_KHELcNt-yvb9jYUVrB_Bu8zuAM3z9v9Dm0PRSin5YNTviH5R8Yg/rqG9R38GVkjK28Cxcr7MxFo5bZb4H2hp4gi9baHCEZE),video.mp4 (https://v5.airtableusercontent.com/v3/u/47/47/1764014400000/8MjyNyE85tSwjIoxwihsaQ/LNjk3iwwjh5Rf-T7d7iYk5sDrGeEsaoC5eL4DilhmBMeh1Ay4UtSXnPu4Zg0UCM5HyfiXRD0qhQ8H1wZFopvAzh77ZCb4bX2H5RdXwJ698xvqy8eDS-O8o-mypHVpP98V7M6u2C0wVcEKCCAp45Lr757G0usxbl9XoFjlIjDnTU/w_h03kxRH5VYhjFde6sUAgk1Oax4Xbc7d7QRZuc9sJo)",24 de Novembro de 2025 12:30pm,https://www.facebook.com/ads/library/?id=1349127300149017,"Vou te mostrar nesse vídeo como você consegue atrair 65% de qualificação em compra de mídia, mesmo em escala, usando diferentes empilhamentos de canais de aquisição e funis de vendas. Esse é o pilar 2 do sistema Full Sales. Primeira coisa que a gente precisa fundamentar aqui é o que são funis de marketing ou canais de aquisição? É o caminho pelo qual o teu cliente passa quando ele se torna um lead, ou seja, um prospect, alguém que tem uma possibilidade ou curiosidade de conhecer o que você vende, até o momento de comprar o teu produto, por isso que chama funis de venda. A gente também chama de funis de marketing pela questão de que às vezes esse funil, ele traz o cliente para que o comercial, que é o funil de vendas, converta. Hoje aqui na Full Sales a gente usa simplesmente dois tipos de canais de aquisição, que são funis de marketing. O primeiro, funil de aplicação. É um tipo de funil em que você coloca um formulário para a pessoa preencher uma série de perguntas para garantir que ele é teu cliente ideal e a partir disso você consegue garantir que ela vai comprar de você numa reunião de vendas. E um segundo, que é o funil de aquisição. Esse funil de aquisição é quando ela compra ou baixa um produto, é comprando um produto de ticket muito baixo para que você consiga ter escala na compra desses leads. Esses produtos têm um termo específico para conseguir chamar a atenção somente daqueles clientes que têm a possibilidade de comprar o teu produto e serviço, independente do que você venda. Eu vou te dar um exemplo aqui, talvez você não consiga pensar muito bem que tipo de produto você possa vender, mas, por exemplo, se você tem uma clínica de cirurgia plástica, você pode vender um guia rápido com uma aula com um dos médicos que você tem aí, explicando para o cliente final como ele pode conseguir ter resultados mais rápidos com a cirurgia sem precisar passar pelo trauma do tratamento. Faz sentido o que eu tô falando? Ou então, por exemplo, é uma assessoria de marketing, você pode fazer uma venda de um guia de como conseguir atrair leads mais qualificados para o teu cliente ideal que está procurando por isso. Ou de uma cirurgia ortognática, por exemplo, um guia de como conseguir lidar bem com os ferimentos. Eu fiz uma cirurgia ortognática e sei bem que eu compraria, por exemplo, um guia desses. A partir desse primeiro produto, você consegue chamar a atenção do teu cliente ideal para depois conseguir vender outras soluções para ele. Empilhando funis de aplicação e de aquisição, você consegue garantir com certeza que o número de pessoas qualificadas que você está captando é um número superior, talvez até a 65%. O que a gente faz aqui também, que é uma dica rápida para ti, que é um segredinho: é conseguir enviar de volta para as empresas de compra de mídia, o Google, a Meta, o TikTok, ou onde quer que você rode o tráfego, LinkedIn, somente os leads que você considera como qualificados, seja aquelas pessoas que preencheram a aplicação ou que compraram ou baixaram no teu funil de aquisição. Se você gostou desse conteúdo, fica ligado que no próximo vídeo a gente vai te mostrar o próximo pilar da Full Sales.","Conheça o segundo pilar do Sistema da Full Sales System

Acompanhe os próximos vídeos pra conhecer os outros pilares do sistema que gerou mais de 10 milhões no primeiro ano de empresa.",Call to action.,,,"A man in a blue blazer explains how to attract highly qualified leads (up to 65% qualification) using specific marketing funnels. He details two main types: an 'application funnel,' which uses a form to screen potential clients, and an 'acquisition funnel,' which sells a low-cost product to identify ideal customers. Throughout the video, he uses hand gestures and text overlays to emphasize his points and gives practical examples for different businesses, such as a plastic surgery clinic and a marketing agency.",,,,
,Ready to Generate,Unnamed record,"thumbnail.jpg (https://v5.airtableusercontent.com/v3/u/47/47/1764014400000/6wliTl8h2Kn1RsfP6wM72w/X9wo6xKxJstj2UbUW7vSQO_0o-X2SgBI8vcntdIejfwZq8DEC9KMcW7vDHncVLr3VvsSEM1oVTDPBD7rYG-IzGrGn5mA17V_Jsqo_ilLzMM9vSMAuFQG7hFB52fPbLHsyDw30oW0vDSQdCeqKIhtoEtEYRxT0mC-YbEzgFglDlc/alLaVqGnHROR8uViDO0_waEifIbctOS_QyRaL3KOxz4),video.mp4 (https://v5.airtableusercontent.com/v3/u/47/47/1764014400000/xOcTUGnQxCzZppF_W5KahA/5gTNJo4IfkGp02z_tR4JjBrnG1rm3kV1YsCj-Qgvpg9lBTK6LOKr4axqbcXpYfq92dgUinpzM3Vig25YpoX7I2fniFWrmco9Lh2Y7xCug5xsYJ_Fpw2twjFiiDIwwbREmXmNoRtUQZzwvl2y7oJiGLfVfkd9l3sl-_GrH--4BnM/X0luxBhK01lfE10ulJLDGBe0J6JJRZq7-H8gzu1hIvA)",Video,,,,,,,checked,https://cliente-a1.mentorfy.io/webhook/67af7153-878f-4af0-b018-2972be99d0e0?id=recgjRCt1icn27PBl,"thumbnail.jpg (https://v5.airtableusercontent.com/v3/u/47/47/1764014400000/6wliTl8h2Kn1RsfP6wM72w/X9wo6xKxJstj2UbUW7vSQO_0o-X2SgBI8vcntdIejfwZq8DEC9KMcW7vDHncVLr3VvsSEM1oVTDPBD7rYG-IzGrGn5mA17V_Jsqo_ilLzMM9vSMAuFQG7hFB52fPbLHsyDw30oW0vDSQdCeqKIhtoEtEYRxT0mC-YbEzgFglDlc/alLaVqGnHROR8uViDO0_waEifIbctOS_QyRaL3KOxz4),video.mp4 (https://v5.airtableusercontent.com/v3/u/47/47/1764014400000/xOcTUGnQxCzZppF_W5KahA/5gTNJo4IfkGp02z_tR4JjBrnG1rm3kV1YsCj-Qgvpg9lBTK6LOKr4axqbcXpYfq92dgUinpzM3Vig25YpoX7I2fniFWrmco9Lh2Y7xCug5xsYJ_Fpw2twjFiiDIwwbREmXmNoRtUQZzwvl2y7oJiGLfVfkd9l3sl-_GrH--4BnM/X0luxBhK01lfE10ulJLDGBe0J6JJRZq7-H8gzu1hIvA)",24 de Novembro de 2025 12:50pm,https://www.facebook.com/ads/library/?id=1146367717460886,"Como contratar o seu time comercial sem falhas, para que ele vire uma máquina de vendas, não tenha turnover e você consiga produzir estrela de vendas em apenas 4 semanas. Esse é o quinto pilar do sistema Full Sales, que é o funil de RH. Aqui na nossa empresa, a gente teve grandes problemas depois de estar escalando e a gente não ter time suficiente para atender esses leads. Ou seja, dominamos o pilar de vendas, dominamos o pilar de marketing, mas não tínhamos pessoas competentes. E a gente sofria com esse problema durante muito tempo. Por isso, em 2021, eu criei um sistema de contratação comercial que é um funil, e eu apelidei de FUNIL DE RH. Esse funil de RH, ele basicamente tem como princípio você tratar cada candidato como lead. E ele tem o princípio também de afunilar os candidatos. Por isso que em vez de você fazer uma simples entrevista, você tem uma etapa maior, em que você tem, primeiro, uma página de vendas da sua oportunidade, com vídeo de vendas da oportunidade para o seu candidato. Depois você tem uma entrevista primeiro com o RH. Depois dessa entrevista com o RH, você não seleciona o candidato, você manda ele para um pré-treinamento. Esse pré-treinamento faz com que você treine pessoas sem você contratar antes. Ou seja, você consegue ver se ela vai desempenhar bem no treinamento antes de você gastar qualquer centavo com ela. E o melhor, quando a pessoa treina para ser contratada, ela treina com muito mais afinco, porque isso vai depender se ela vai ser contratada ou não. Ou seja, quando você fizer a última entrevista com o gestor, você já vai falar com pessoas pré-treinadas e pessoas doidas para trabalhar para você, sem que você tenha o risco de contratar ela durante um mês e no final ver que ela não serve para sua vaga. Por isso, se você tem problema na contratação do seu time comercial, montar o funil de RH é o primeiro passo para que você tenha esse sistema previsível de recrutamento e treinamento inicial do teu time. Fica ligado que a gente quer te passar mais vídeos como esse aqui para você aumentar o lucro da sua empresa e a previsibilidade. Te vejo no próximo.","Conheça o quinto pilar do Sistema da Full Sales System...

Acompanhe os próximos vídeos pra conhecer os outros pilares do sistema que gerou mais de 10 milhões no primeiro ano de empresa.",Call to action.,,,"A man in a blue blazer explains his method for hiring a successful sales team, which he calls the ""Funil de RH"" (HR Funnel). He describes how this system solves the problem of not having enough competent salespeople to handle leads. A graphic of a circular diagram appears, highlighting the ""FUNIL DE RH COMERCIAL"" component of his business ecosystem. He outlines the steps of this funnel, which involves treating candidates like sales leads and putting them through a multi-stage process including a sales page for the job, an interview, a pre-training program, and a final interview, all before making a hiring decision.",,,,
,Ready to Generate,Unnamed record,"thumbnail.jpg (https://v5.airtableusercontent.com/v3/u/47/47/1764014400000/ss4HLLLHFRDyfHs-_NMjMw/jFVo6OdDV-faYWC5y0Oz6lcOw3jBFusFFhV_vcdNU07Isl-I1wYInF7Vr5UDk-NsuT_T6o4aOt_GW6t1nAKzKrK0o83jv6lasXBAw92CU5Cg0QMm2cjeNNCSyGd47qwY3h1nukdTUKMZNpGPG7yoFMCh7q4Wdf6xXBdgO8kLyDo/fLpCrstmfwAAacHnDCuJ6MiT5dl5D5sIAU8ZgpggDk0),video.mp4 (https://v5.airtableusercontent.com/v3/u/47/47/1764014400000/oAjGzIYV-U_H3ADNZc4gNw/aPSvgdlqdFaDCNPhtA0Z7xW_HkYIG1v_8-FqIPqqtYQTU9OnrPNa_EKUbl4U7yE09SiqNA3x5PFHzoFBZf9nukMcsvwWgCWFRfI-kXA9O3NBZh0CToSNcReNFyf03nz0gOmOxv1OoST1TpxNFbEmszD0o8PzxFhGkUR2nPqypxg/wP9zLplgywAlrZvXdy_I4DXGGSLj3WaAsjqcifDYf_4)",Video,,,,,,,checked,https://cliente-a1.mentorfy.io/webhook/67af7153-878f-4af0-b018-2972be99d0e0?id=recCGpqTNwrsVXHco,"thumbnail.jpg (https://v5.airtableusercontent.com/v3/u/47/47/1764014400000/ss4HLLLHFRDyfHs-_NMjMw/jFVo6OdDV-faYWC5y0Oz6lcOw3jBFusFFhV_vcdNU07Isl-I1wYInF7Vr5UDk-NsuT_T6o4aOt_GW6t1nAKzKrK0o83jv6lasXBAw92CU5Cg0QMm2cjeNNCSyGd47qwY3h1nukdTUKMZNpGPG7yoFMCh7q4Wdf6xXBdgO8kLyDo/fLpCrstmfwAAacHnDCuJ6MiT5dl5D5sIAU8ZgpggDk0),video.mp4 (https://v5.airtableusercontent.com/v3/u/47/47/1764014400000/oAjGzIYV-U_H3ADNZc4gNw/aPSvgdlqdFaDCNPhtA0Z7xW_HkYIG1v_8-FqIPqqtYQTU9OnrPNa_EKUbl4U7yE09SiqNA3x5PFHzoFBZf9nukMcsvwWgCWFRfI-kXA9O3NBZh0CToSNcReNFyf03nz0gOmOxv1OoST1TpxNFbEmszD0o8PzxFhGkUR2nPqypxg/wP9zLplgywAlrZvXdy_I4DXGGSLj3WaAsjqcifDYf_4)",24 de Novembro de 2025 12:51pm,https://www.facebook.com/ads/library/?id=1511627683217351,"Você quer que o seu negócio cresça em métricas a cada momento, sem que dependa de você? Tudo bem manter o seu negócio, mas imagina crescer ele sem ele depender de você. Isso eu estou falando de gestão estratégica de processos e estratégias comerciais. E esse é o pilar seis do Sistema Full Sales, que vai fazer você bater muito o sino aí com seu time. Bom, toda vez que você monta um processo comercial, não adianta você montar e esperar que ele aconteça. Você tem que olhar ele. É que nem seu filho. Você ensina para ele, mas você tem que supervisionar para ver se ele está indo no caminho certo. E para isso, existe algumas rotinas que você precisa fazer. E eu vou te passar cinco instruções para que você tenha um modelo de gestão autossuficiente. O primeiro é você definir o organograma do seu time de gestão comercial. Aqui, por exemplo, a gente tem o gestor de pré-vendas, gestor de vendas e uma assistente comercial para analisar todas as métricas e analisar todos os processos. Segunda instrução: a gente tem uma rotina de conferência do processo comercial. Ou seja, não adianta criar um processo e esperar que ele aconteça sem você olhar. A gente sabe o que que a gente vai ver a cada momento e em cada periodicidade. A gente tem tudo isso anotado. Terceira instrução é você ter um dashboard integrado para você ver em tempo real, semanal e diariamente as suas métricas. Métricas de agendamento, métrica de taxa de comparecimento, métricas de taxa de venda, ticket médio. Porque aí você consegue identificar o problema e agir nesse problema. E não agir naquilo que está bom. Aquilo que está bom não precisa ser prioritário. Você pode melhorar, mas você precisa resolver aquilo que é o gargalo da sua operação para continuar escalando. Quarta instrução é a avaliação desse cenário para tomada de decisão das medidas comerciais. Às vezes é contratar novas pessoas, às vezes é melhorar o treinamento, às vezes é tomar medidas aí de desligar um colaborador ou até incentivar um bônus a mais que o seu time precisa para bater a meta. Ou seja, olhando o cenário, quais estratégias você vai implementar? E a quinta instrução é ter estratégias de fato validadas. O seu time não é um laboratório que você vai testar uma coisa para lá e para cá. A estratégia comercial, ela tem que maximizar o retorno com menor chance de risco e menor investimento de tempo. Por isso que nós também somos grandes pesquisadores de estratégias comerciais. A gente usa quatro etapas para consolidar uma estratégia comercial. A gente não vai ao teste de maneira ineficiente. A gente tem muitas estratégias que a gente importou até dos Estados Unidos, a gente falou com grandes players e aplica no nosso negócio para ter maximização de lucro com menos esforço e não fazer seu time sair correndo por qualquer direção sem uma estratégia definida. Se você gostou desse conteúdo, fica ligado que próximos conteúdos vão aparecer para você para te gerar mais resultado com previsibilidade e fazer o seu comercial e a sua operação decolarem. Tamo junto!","Conheça o sexto pilar do Sistema da Full Sales System...

Acompanhe os próximos vídeos pra conhecer os outros pilares do sistema que gerou mais de 10 milhões no primeiro ano de empresa.",Call to action.,,,"A man in a blue blazer sits at a desk and explains how to make a business grow without it depending on the owner. He discusses the importance of strategic management for commercial processes and lists five key instructions for achieving it: defining the team's organizational chart, establishing a process-checking routine, using an integrated dashboard, evaluating scenarios for decision-making, and implementing validated strategies. The video uses visual aids like diagrams, stock footage of office environments, and on-screen text to reinforce his points.",,,,
,Ready to Generate,Diagnóstico de Estruturação Comercial,"thumbnail.jpg (https://v5.airtableusercontent.com/v3/u/47/47/1764014400000/lcAkWiPisjT8BYE1qqakyw/DQKiRG8vOacf2RmMDf8UtsGBEw73_P8_Z1GXPUbXMJOgNSBRSt7qOE0mm4_C6ZPRYuZPv53tLznYsx-9FmxhVOJo2lF-tedGIvQ9G5p40owzj7u7e1h1qm4Ucg8Jz49PRNvumUVEVWW1FiN4aZNcJnYkbInjs47H6Jlaha_o5hY/F-k5JxowLi-9SKNJKROAJXtVyGnLIJFg_Qk9WEAiQP8),video.mp4 (https://v5.airtableusercontent.com/v3/u/47/47/1764014400000/9X11fTHWj7nPujVQWhmlcQ/fE63cyoE5WnCvNVn0hmoQoN8ZSpMIKm4dJYMgGZbfXhjyDTEHedAiQ1GigaG2S0V-mS-Hfcq-7TpT1ZSkV67erxxCt4gEBTYTxz5pZ4DeK0kFtBb9fS1Q9Yh2sNv-TUwQcn56hLNAXsAMsQ5y46pGZ9eUWN31RgVP1aKlY_D3dI/5wEJtZa96e55yj8lqlBWAK4o8gKzkzWWCQOPmviDSkU)",Video,,,,,,,checked,https://cliente-a1.mentorfy.io/webhook/67af7153-878f-4af0-b018-2972be99d0e0?id=reczxxysMnw4SPVzy,"thumbnail.jpg (https://v5.airtableusercontent.com/v3/u/47/47/1764014400000/lcAkWiPisjT8BYE1qqakyw/DQKiRG8vOacf2RmMDf8UtsGBEw73_P8_Z1GXPUbXMJOgNSBRSt7qOE0mm4_C6ZPRYuZPv53tLznYsx-9FmxhVOJo2lF-tedGIvQ9G5p40owzj7u7e1h1qm4Ucg8Jz49PRNvumUVEVWW1FiN4aZNcJnYkbInjs47H6Jlaha_o5hY/F-k5JxowLi-9SKNJKROAJXtVyGnLIJFg_Qk9WEAiQP8),video.mp4 (https://v5.airtableusercontent.com/v3/u/47/47/1764014400000/9X11fTHWj7nPujVQWhmlcQ/fE63cyoE5WnCvNVn0hmoQoN8ZSpMIKm4dJYMgGZbfXhjyDTEHedAiQ1GigaG2S0V-mS-Hfcq-7TpT1ZSkV67erxxCt4gEBTYTxz5pZ4DeK0kFtBb9fS1Q9Yh2sNv-TUwQcn56hLNAXsAMsQ5y46pGZ9eUWN31RgVP1aKlY_D3dI/5wEJtZa96e55yj8lqlBWAK4o8gKzkzWWCQOPmviDSkU)",24 de Novembro de 2025 12:51pm,https://www.facebook.com/ads/library/?id=1126927569656114,"São os cinco indicadores que a gente utiliza para escalar qualquer operação. Então, se a tua operação está indo mal, um, dois ou três indicadores desses aqui podem estar influenciando o seu resultado. O primeiro indicador, custo por lead. Quanto que você paga para adquirir um potencial cliente. Depois, taxa de agendamento. Qual é a taxa de agendamento de leads em reuniões? Depois o comparecimento. Quantos leads que você agendou comparecem à sua reunião? E depois a taxa de conversão das pessoas que compareceram na reunião, quantos compraram. E depois o ticket médio que você vende por cada reunião convertida. E aqui a gente pode entender como isso pode fazer total diferença, porque num cenário medíocre de R$ 50 o custo por lead, 8% de taxa de agendamentos, 60% de comparecimento e 15% de conversão, com ticket médio de R$ 10.000. No final, você tem o resultado de X. Mas quando você tem o fator FSS, que é o fator que você melhora cada um desses estágios, você tem o custo de R$ 40 por lead. Você reduz o custo por lead. Você, em vez de oito, você tem 13% de taxa de agendamento de leads em reuniões. Você consegue aumentar o teu comparecimento de 60 para 75%. Você tem uma conversão em reunião de 25%, com o ticket médio, claro, sabendo construir uma oferta de R$ 18.000. Só essas alterações que a gente fez no processo comercial, em vez de faturar X, você está faturando 6,3X. Ou seja, então se você faturou R$ 100.000, você vai faturar R$ 630.000. Se você faturou R$ 50.000, você vai faturar R$ 315.000. Isso com o mesmo investimento em marketing e, se duvidar, a mesma equipe. Se essa conversa faz sentido para você, você quer continuar essa conversa, você é empresário, a gente separou um especialista para falar diretamente com você, para te apresentar também a nossa metodologia, os nossos programas e antes disso, te apresentar também uma consultoria gratuita. O que a nossa metodologia pode te fazer para o seu negócio de maneira personalizada. Então aperte agora em saiba mais para se cadastrar para receber um contato aí do meu time.","São 5 indicadores que nós utilizamos aqui na Full Sales System e vou te contar em menos de 1 minuto como escalar a sua empresa assim como nós escalamos outras centenas de empresas no nosso programa.

Toque abaixo e tente uma vaga com nosso time.",Learn more,,https://fss.fullsalessystem.com/fap01,"A man in a black shirt gives a business presentation in front of a flip chart. He explains five key performance indicators (KPIs) for scaling a business: Cost per Lead, Scheduling Rate, Show-up Rate, Conversion Rate, and Average Ticket Price. Using a table on the chart, he compares a 'mediocre' scenario with an improved one, demonstrating how optimizing these metrics can multiply revenue by 6.3 times. The video concludes with a call to action for business owners to sign up for a free consultation.",,,,
,Ready to Generate,Diagnóstico de Estruturação Comercial,"thumbnail.jpg (https://v5.airtableusercontent.com/v3/u/47/47/1764014400000/qLH9nov28vDhFU6HP7xJ9g/cMniSHOwYVVPykGK2OtkWPbrKh1d6toHYVRQXdMs3h4pbZsnban5DqT9i0J2CwRm1bUdTPnOwWF0YkXAWWkpLiTTVfp-g5KVTvgmEjVJ6YfODC80I5-BF0ItiU1ajvKZ20Xuvkfa7gtLW3mUAigxWAzldvCyZJle3xJ3AYnKOzg/ld-sjI3L-QZ1pzXLBE2FtQ9rCOlpxeJABYunSTjhToM),video.mp4 (https://v5.airtableusercontent.com/v3/u/47/47/1764014400000/lxobz64F-ENAZZUd_-Uu5A/LsfXnoL1BCggL2On5DWJnOI4ab4vPwOqx7e8bfvk1aNCK_qYjqxYgnwZYFsI2f1Xp2GGcGoxstIQ_LAGGuUl0Bh4IN_rMMW9MvAeEooO8k-2eDk0ev32QwPX_pDYTeTYMhriKHBF3wXBBeGgKzDZgCTC0uCaUumFMO6tGARTxTo/hKi3-cGnGGgojwEgeMNgavwAFAlzhC0YYhY1nCNE_Nw)",Video,,,,,,,checked,https://cliente-a1.mentorfy.io/webhook/67af7153-878f-4af0-b018-2972be99d0e0?id=rechHykXtWEhcOdlK,"thumbnail.jpg (https://v5.airtableusercontent.com/v3/u/47/47/1764014400000/qLH9nov28vDhFU6HP7xJ9g/cMniSHOwYVVPykGK2OtkWPbrKh1d6toHYVRQXdMs3h4pbZsnban5DqT9i0J2CwRm1bUdTPnOwWF0YkXAWWkpLiTTVfp-g5KVTvgmEjVJ6YfODC80I5-BF0ItiU1ajvKZ20Xuvkfa7gtLW3mUAigxWAzldvCyZJle3xJ3AYnKOzg/ld-sjI3L-QZ1pzXLBE2FtQ9rCOlpxeJABYunSTjhToM),video.mp4 (https://v5.airtableusercontent.com/v3/u/47/47/1764014400000/lxobz64F-ENAZZUd_-Uu5A/LsfXnoL1BCggL2On5DWJnOI4ab4vPwOqx7e8bfvk1aNCK_qYjqxYgnwZYFsI2f1Xp2GGcGoxstIQ_LAGGuUl0Bh4IN_rMMW9MvAeEooO8k-2eDk0ev32QwPX_pDYTeTYMhriKHBF3wXBBeGgKzDZgCTC0uCaUumFMO6tGARTxTo/hKi3-cGnGGgojwEgeMNgavwAFAlzhC0YYhY1nCNE_Nw)",24 de Novembro de 2025 12:51pm,https://www.facebook.com/ads/library/?id=1160963189326305,"Eu não sei qual que é a pira que o pessoal tem de gravar anúncio com a praia no fundo, mas eu sei que isso vai chamar a tua atenção. Então por isso que eu estou aqui, tá? O que eu quero te dizer é se você quiser ter a liberdade para aproveitar e colocar em prática o sonho que você tinha quando começou a empreender. Não é colocando mais dinheiro em marketing que você vai conseguir fazer isso. Você precisa ter um processo comercial muito bem estruturado e eu entendi isso da pior forma. Eu tinha uma empresa em que, cara, cada vez mais as margens foram ficando apertadas, apertadas, apertadas até um ponto em que se eu não mudasse o modelo de negócio, simplesmente eu ia falir. Talvez seja o teu momento agora, ou então talvez você ainda esteja na crista da onda, percebendo que ainda está crescendo, mas você precisa investir muito mais em marketing para conseguir ter aumento no teu faturamento. Se esse é o teu caso, o que eu sugiro para você? A nossa empresa realiza um serviço gratuito, que é um diagnóstico comercial. Esse diagnóstico comercial é feito por um gestor comercial treinado, um executivo de vendas. Para ter acesso a isso, o que você precisa fazer? Aperte no botão aqui embaixo, preencha um formulário. A nossa equipe vai entrar em contato com você. E mesmo que o teu sonho não seja viajar para uma praia bonita que nem essa daqui, cara, aperta no botão embaixo, que eu tenho certeza que a gente consegue te ajudar a conseguir aumentar o lucro e a liberdade para você fazer o que quer que você queira. Seja ficar com a tua família, ajudar quem você quer ajudar, ou então chegar no sonho que você queria quando começou a empreender. Aperta no botão embaixo, agora, garante tua vaga.","Vou te contar em menos de 1 minuto como escalar a sua empresa assim como nós escalamos outras centenas de empresas no nosso programa.

Toque abaixo e tente uma vaga com nosso time.",Learn more,,https://fss.fullsalessystem.com/fap01,"A man in a black t-shirt speaks directly to the camera, with a beach and ocean in the background. He is making a business proposal, acknowledging the cliché of the beach background to grab attention. He addresses entrepreneurs facing shrinking profit margins and the need for better sales processes, not just more marketing spend. He offers a free ""commercial diagnosis"" from his company and instructs viewers to click a button below to fill out a form and schedule it, promising to help them increase their profits and achieve their personal goals.",,,,
,Ready to Generate,Diagnóstico de Estruturação Comercial,"thumbnail.jpg (https://v5.airtableusercontent.com/v3/u/47/47/1764014400000/_s-zgMFPOT2CqRWX0FxUTQ/fPcVP-ip8tT5kCxjh7wld1HmWhkAj5nxL5keNWUlxFVMEnzH70YQ8lA5wiRypaplxTQzRqWawoMqq8QAJU4c2WzzSGet2bp84MfaULbXPahxmf2ISetgtja89y0xsYuKzRQVHZmTEKMd5ezJV3uxzcE-Ls4yLTUkNuTX7y42b1E/4h61qRF6-JdsJyejSgKKEQxLWoz7enwbph9jRW4hyBk),video.mp4 (https://v5.airtableusercontent.com/v3/u/47/47/1764014400000/4uC-t9w5S857mdRZIVr4nQ/Swvk5C27Jn0H4lU3egtDCURK4ET-36O6cr5rNLmQJFJ8l_XXQgzXH6OqGRkYfoxoiDToXVsn7KTcv04iaeyxWgM8eJIH_CvpHnAJLks03YNZzlkDpzmhMfRabIbeQauCA_AAH9-pDoq6QXOaeFuzSbcUNsSdBl_KntUsfjt6sQU/PJ3q8xd2_1glDqitf6piemoD0t-dZes0_4sN522AhDQ)",Video,,,,,,,checked,https://cliente-a1.mentorfy.io/webhook/67af7153-878f-4af0-b018-2972be99d0e0?id=rec2eTwsnYWA6nbzU,"thumbnail.jpg (https://v5.airtableusercontent.com/v3/u/47/47/1764014400000/_s-zgMFPOT2CqRWX0FxUTQ/fPcVP-ip8tT5kCxjh7wld1HmWhkAj5nxL5keNWUlxFVMEnzH70YQ8lA5wiRypaplxTQzRqWawoMqq8QAJU4c2WzzSGet2bp84MfaULbXPahxmf2ISetgtja89y0xsYuKzRQVHZmTEKMd5ezJV3uxzcE-Ls4yLTUkNuTX7y42b1E/4h61qRF6-JdsJyejSgKKEQxLWoz7enwbph9jRW4hyBk),video.mp4 (https://v5.airtableusercontent.com/v3/u/47/47/1764014400000/4uC-t9w5S857mdRZIVr4nQ/Swvk5C27Jn0H4lU3egtDCURK4ET-36O6cr5rNLmQJFJ8l_XXQgzXH6OqGRkYfoxoiDToXVsn7KTcv04iaeyxWgM8eJIH_CvpHnAJLks03YNZzlkDpzmhMfRabIbeQauCA_AAH9-pDoq6QXOaeFuzSbcUNsSdBl_KntUsfjt6sQU/PJ3q8xd2_1glDqitf6piemoD0t-dZes0_4sN522AhDQ)",24 de Novembro de 2025 12:51pm,https://www.facebook.com/ads/library/?id=1484543686164847,"Eu só preciso mexer um parafuso na sua operação comercial e já gerar um resultado extraordinário para você. Entendo uma coisa: comercial é mexer parafuso. E muitas vezes, quando eu mexo o parafuso certo, na direção certa, eu já consigo gerar um resultado extraordinário para os meus clientes. Tem clientes aqui que chegam faturando R$200.000 e depois de mexidas de parafuso, eles faturam mais de R$400.000. Tem clientes aqui que chegaram faturando R$50.000 e depois de mexidas de parafuso, faturaram R$450.000 em um único mês. Quando você mexe os parafusos certos na sua operação comercial, na sua estrutura comercial, automaticamente você aumenta os seus ganhos sem precisar fazer investimento em verba de marketing. Você que fatura mais de R$100.000, eu consigo fazer você dobrar, triplicar esse faturamento, muito fácil, apenas mexendo o parafuso. E eu quero mostrar para você qual parafuso a gente vai mexer na tua operação que vai fazer você pegar o dinheiro que está na mesa. Eu não vou fazer você ganhar mais dinheiro, eu vou fazer você pegar o dinheiro que está na mesa. Por muitas vezes, a sua operação está furada em algum lugar. E eu quero te mostrar onde está o gargalo da sua operação para que você consiga ter resultados extraordinários. Vou te dar o diagnóstico 360. E nesse diagnóstico, meu time vai olhar toda a sua operação e vai falar onde você pode mexer na sua operação para que você pegue o dinheiro que está na mesa. Não paga nada, 100% gratuito. Eu prometo que a gente vai direto ao ponto e não vai ficar enchendo o teu saco não, é só te mostrar o que você vai fazer. E se você quiser ao final continuar com a gente, ok, se não quiser, está tudo bem também. Pelo menos você vai sair de lá sabendo o que você pode fazer na sua operação. Então, clique agora em saiba mais ou em algum lugar dessa tela e agende o seu diagnóstico 360 que o meu time está te esperando. Clica aí e agenda.","Eu só preciso mexer um parafuso pra gerar um resultado extraordinário

Toque abaixo e tente uma vaga com nosso time.",Learn more,,https://fss.fullsalessystem.com/fap01,"A man in a black suit, sitting on a red couch, speaks directly to the camera in a persuasive tone. He uses the metaphor of ""turning a screw"" to explain how he can significantly increase a business's revenue by making small, precise adjustments to its commercial operations, without increasing marketing spend. He offers a free ""360 diagnosis"" to identify these improvement areas and encourages viewers to click a link to schedule the consultation.",,,,
,Ready to Generate,Diagnóstico de Estruturação Comercial,"thumbnail.jpg (https://v5.airtableusercontent.com/v3/u/47/47/1764014400000/7iKoK2icyTFoKfrZbur5Ww/E4NVNggbAAyH3yk0o8laixvQ1eKyvx3yX1ez07mntxcyvVejimbvmq3FBYkxTewJNTRZGCX-ks2-ZQhIim11QU0G5YPNwfZqh1x_BlTQPDiMUtYBLPAkpSrDIeQsoCPXbk66E1nhXhjXiWkhwRB6CFFKnlJevbUt4ajReUAy-JU/txWlbl6h9zF6REzamwQg6k2R0NSt16lC1T19GnX8v6E),video.mp4 (https://v5.airtableusercontent.com/v3/u/47/47/1764014400000/bxhEwOceEP3wtx11402XnA/3bQuvlJZ8iRiTXvTpD-LwYluWCxKfUzgMnNuMsexKyAwHf5p1-N50f05exs2w6mcQQVtgvQN6oFssuKuJzwsA3c5gVaYFl6Y2Wr9OSy9w5ZgHaf8PKIzIig2hraAL0zzQmcjPwBXFIbIVei-KCGWNRux3_n3cYIT3PIXojxfv9o/8mZGemFc-WZ0nDsv0VhJLlJSp1o6EojEyeb0nwMx9QQ)",Video,,,,,,,checked,https://cliente-a1.mentorfy.io/webhook/67af7153-878f-4af0-b018-2972be99d0e0?id=recWq9YyH7RCIox17,"thumbnail.jpg (https://v5.airtableusercontent.com/v3/u/47/47/1764014400000/7iKoK2icyTFoKfrZbur5Ww/E4NVNggbAAyH3yk0o8laixvQ1eKyvx3yX1ez07mntxcyvVejimbvmq3FBYkxTewJNTRZGCX-ks2-ZQhIim11QU0G5YPNwfZqh1x_BlTQPDiMUtYBLPAkpSrDIeQsoCPXbk66E1nhXhjXiWkhwRB6CFFKnlJevbUt4ajReUAy-JU/txWlbl6h9zF6REzamwQg6k2R0NSt16lC1T19GnX8v6E),video.mp4 (https://v5.airtableusercontent.com/v3/u/47/47/1764014400000/bxhEwOceEP3wtx11402XnA/3bQuvlJZ8iRiTXvTpD-LwYluWCxKfUzgMnNuMsexKyAwHf5p1-N50f05exs2w6mcQQVtgvQN6oFssuKuJzwsA3c5gVaYFl6Y2Wr9OSy9w5ZgHaf8PKIzIig2hraAL0zzQmcjPwBXFIbIVei-KCGWNRux3_n3cYIT3PIXojxfv9o/8mZGemFc-WZ0nDsv0VhJLlJSp1o6EojEyeb0nwMx9QQ)",24 de Novembro de 2025 12:51pm,https://www.facebook.com/ads/library/?id=697868886009084,"A área de vendas é o coração de toda empresa. E não é só eu que estou falando isso. O Flávio Augusto da Silva, grande empresário, admirado por muitos. E não importa se você é médico, advogado, contador, dono de clínica, vende energia solar, seguros ou vende para empresas, a verdade é uma só: você precisa ter uma máquina eficiente de aquisição de clientes e de monetização dessa base de clientes para não ficar fora do jogo. E isso sim significa construir de processos e estratégias comerciais de alta performance com o marketing assertivo, para que você tenha altos retornos sobre investimento e continue crescendo com previsibilidade. E foi assim que eu fiz para minhas empresas nos últimos dois anos: 26 milhões 158 mil 778 reais com 291 mil 435 reais de investimento em marketing, obtendo um retorno de 89% do valor investido para minha operação comercial. Caso você queira aperfeiçoar por completo seu método de aquisição de clientes, eu separei alguns horários dos meus especialistas de growth para te assessorarem de forma gratuita. Basta clicar agora no botão saiba mais e aplicar agora mesmo. Se você não me conhece, sou Vinícius de Sá, co-fundador do Full Sales System, a SalesTech número um em resultados e NPS para construção de máquina comercial para empresas que faturam de 100 mil a 500 mil ou mais por mês e já ajudamos mais de 250 empresários a aumentarem seu faturamento com mais lucro e previsibilidade através de um processo de ponta, estruturação e tecnologia. Se você deseja começar do jeito certo em construir o coração que bombeia sangue para sua empresa e de forma orientada por especialistas, aperte agora em saiba mais e concorra a uma vaga de uma consultoria inicial gratuita. Tenho certeza que vamos te ajudar!","A área de vendas é o coração de toda empresa.

Toque abaixo e tente uma vaga com nosso time.",Learn more,,https://fss.fullsalessystem.com/fap01,"A man named Vinícius de Sá presents a business advertisement for his company, Full Sales System. He argues that a strong sales process is crucial for any business, regardless of the industry. The video uses a mix of direct-to-camera narration, quick cuts to other speakers at events, and on-screen graphics displaying impressive revenue and ROI figures to build credibility. He introduces his company as a leading ""SalesTech"" and concludes with a call to action, inviting viewers to click a ""Learn More"" button for a free consultation with his team of specialists.",,,,