Priority,Status,Category,Task,Description,Estimate,Impact,Dependencies
üî• URGENT,To Do,Infrastructure,Executar SQL do CRT no Supabase,"Executar scripts/add-resolution-tracking.sql no Supabase SQL Editor para criar tabelas issues, issue_actions, views e triggers",5min,CRITICAL,"Sem isso as p√°ginas /crt e /issues n√£o funcionam"
üî• URGENT,To Do,Frontend,Criar P√°gina de Settings,Implementar /settings com configura√ß√µes de usu√°rio (trocar senha, notifica√ß√µes, prefer√™ncias),2h,HIGH,Autentica√ß√£o funcionando
üî• URGENT,To Do,Database,Popular com Dados de Exemplo,Criar script para gerar dados fake (issues, messages, alerts) para demonstra√ß√£o,30min,HIGH,SQL do CRT executado
‚ö° IMPORTANT,To Do,Automation,Configurar Workflow n8n - Auto-criar Issues,"Importar workflow 1 do docs/N8N-WORKFLOWS.md, configurar para criar issues automaticamente de alertas cr√≠ticos",3h,HIGH,SQL do CRT executado
‚ö° IMPORTANT,To Do,Automation,Configurar Workflow n8n - Resposta Autom√°tica,"Importar workflow 2 do docs/N8N-WORKFLOWS.md, configurar para responder issues em <5min com IA",3h,HIGH,Workflow 1 funcionando
‚ö° IMPORTANT,To Do,Automation,Configurar Workflow n8n - Auto-Resolver,"Importar workflow 3 do docs/N8N-WORKFLOWS.md, configurar para resolver issues automaticamente quando cliente confirmar",3h,MEDIUM,Workflow 2 funcionando
‚ö° IMPORTANT,To Do,Notifications,Sistema de Notifica√ß√µes Slack,Criar notifica√ß√µes no Slack quando issue cr√≠tico √© criado ou n√£o resolvido em 2h,2h,MEDIUM,Workflow 1 funcionando
‚ö° IMPORTANT,To Do,Notifications,Sistema de Notifica√ß√µes Email,Enviar email para respons√°vel quando issue atribu√≠do ou escalado,2h,MEDIUM,Sistema b√°sico funcionando
‚ö° IMPORTANT,To Do,Reports,Exporta√ß√£o de Relat√≥rios PDF,Implementar exporta√ß√£o de CRT mensal em PDF com gr√°ficos,3h,MEDIUM,Dashboard CRT funcionando
‚ö° IMPORTANT,To Do,Reports,Exporta√ß√£o de Relat√≥rios Excel,Implementar exporta√ß√£o de issues em Excel/CSV,2h,MEDIUM,Dashboard Issues funcionando
üåü DESIRABLE,To Do,Admin,Dashboard de Administra√ß√£o,Criar dashboard admin para configurar metas personalizadas (tempo de resposta, taxa de resolu√ß√£o),4h,LOW,Sistema b√°sico funcionando
üåü DESIRABLE,To Do,Admin,Gerenciamento de Usu√°rios Avan√ßado,Implementar CRUD completo de usu√°rios com roles (admin, manager, agent),3h,LOW,P√°gina Settings criada
üåü DESIRABLE,To Do,Admin,Logs e Auditoria,Sistema de logs de todas a√ß√µes (quem fez o qu√™, quando),2h,LOW,Sistema b√°sico funcionando
üåü DESIRABLE,To Do,Automation,Auto-Escala√ß√£o Inteligente,Workflow que escala automaticamente issues sem resposta em 2h para gestor,2h,MEDIUM,Workflows b√°sicos funcionando
üåü DESIRABLE,To Do,AI,Fine-tune Modelo Gemini,Treinar modelo Gemini com hist√≥rico de resolu√ß√µes bem-sucedidas para melhorar respostas,8h,MEDIUM,Hist√≥rico de 100+ resolu√ß√µes
üåü DESIRABLE,To Do,AI,Auto-Categoriza√ß√£o de Issues,IA categoriza automaticamente tipo de issue (customer_complaint, technical, billing, etc),4h,MEDIUM,Fine-tune funcionando
üåü DESIRABLE,To Do,AI,Predi√ß√£o de Problemas,Sistema prev√™ problemas antes de acontecer baseado em padr√µes hist√≥ricos,12h,LOW,Dados hist√≥ricos de 3+ meses
üåü DESIRABLE,To Do,AI,Sugest√µes Autom√°ticas de Resolu√ß√£o,IA sugere a√ß√µes baseado em resolu√ß√µes similares anteriores,6h,MEDIUM,Fine-tune funcionando
üåü DESIRABLE,To Do,Analytics,Dashboard de Tend√™ncias,Gr√°ficos de tend√™ncias de CRT ao longo do tempo (melhoria ou piora),4h,LOW,3+ meses de dados
üåü DESIRABLE,To Do,Analytics,Heatmap de Issues,Mapa de calor mostrando hor√°rios/dias com mais issues,3h,LOW,Dados hist√≥ricos
üåü DESIRABLE,To Do,Integrations,Integra√ß√£o com Jira,Criar tickets no Jira automaticamente para issues cr√≠ticos,6h,LOW,API Jira configurada
üåü DESIRABLE,To Do,Integrations,Integra√ß√£o com Zendesk,Sincronizar issues com tickets Zendesk,6h,LOW,API Zendesk configurada
üåü DESIRABLE,To Do,Integrations,Integra√ß√£o com Linear,Criar issues no Linear para tracking t√©cnico,4h,LOW,API Linear configurada
üåü DESIRABLE,To Do,Mobile,React Native App - Setup,Configurar projeto React Native com Expo,4h,LOW,Nenhum
üåü DESIRABLE,To Do,Mobile,React Native App - Auth,Implementar autentica√ß√£o no app mobile,3h,LOW,App setup conclu√≠do
üåü DESIRABLE,To Do,Mobile,React Native App - Dashboard,Dashboard mobile com m√©tricas principais,6h,LOW,Auth funcionando
üåü DESIRABLE,To Do,Mobile,React Native App - Push Notifications,Notifica√ß√µes push quando issue cr√≠tico,4h,MEDIUM,Dashboard mobile funcionando
üåü DESIRABLE,To Do,Mobile,React Native App - Resolver Issues,Interface para resolver issues pelo celular,4h,LOW,Dashboard mobile funcionando
üåü DESIRABLE,To Do,Multi-tenant,Arquitetura Multi-tenant,Refatorar para suportar m√∫ltiplas empresas isoladas,16h,LOW,Sistema est√°vel em produ√ß√£o
üåü DESIRABLE,To Do,Multi-tenant,Admin Multi-tenant,Dashboard para super admin gerenciar m√∫ltiplos clientes,8h,LOW,Arquitetura multi-tenant pronta
‚úÖ DONE,Done,Infrastructure,Deploy Sistema no Vercel,Deploy do dashboard completo em produ√ß√£o,N/A,CRITICAL,Conclu√≠do
‚úÖ DONE,Done,Database,Criar Schema MIS,Cria√ß√£o do schema mottivme_intelligence_system com tabelas messages e alerts,N/A,CRITICAL,Conclu√≠do
‚úÖ DONE,Done,Frontend,Dashboard Principal,Implementa√ß√£o do dashboard com m√©tricas principais,N/A,CRITICAL,Conclu√≠do
‚úÖ DONE,Done,Frontend,P√°gina de Mensagens,Visualiza√ß√£o e filtros de mensagens monitoradas,N/A,HIGH,Conclu√≠do
‚úÖ DONE,Done,Frontend,P√°gina de Alertas,Visualiza√ß√£o e gerenciamento de alertas SENTINEL,N/A,HIGH,Conclu√≠do
‚úÖ DONE,Done,Frontend,P√°gina de Equipe,An√°lise de atividade e performance da equipe,N/A,HIGH,Conclu√≠do
‚úÖ DONE,Done,Frontend,Dashboard CRT,Dashboard de Customer Resolution Time com m√©tricas,N/A,CRITICAL,Conclu√≠do
‚úÖ DONE,Done,Frontend,P√°gina de Issues,Gerenciamento completo de issues com tracking,N/A,CRITICAL,Conclu√≠do
‚úÖ DONE,Done,API,API REST - Create Issue,POST /api/issues/create para criar issues via n8n,N/A,HIGH,Conclu√≠do
‚úÖ DONE,Done,API,API REST - Add Action,POST /api/issues/action para registrar a√ß√µes,N/A,HIGH,Conclu√≠do
‚úÖ DONE,Done,API,API REST - Open Issues,GET /api/issues/open para listar issues abertos,N/A,HIGH,Conclu√≠do
‚úÖ DONE,Done,API,API REST - Resolve Issue,POST /api/issues/resolve para resolver automaticamente,N/A,HIGH,Conclu√≠do
‚úÖ DONE,Done,Documentation,Documenta√ß√£o CRT System,docs/CRT-SYSTEM-IMPLEMENTATION.md completo,N/A,MEDIUM,Conclu√≠do
‚úÖ DONE,Done,Documentation,Documenta√ß√£o n8n Workflows,docs/N8N-WORKFLOWS.md com 3 workflows prontos,N/A,MEDIUM,Conclu√≠do
‚úÖ DONE,Done,Database,Triggers Autom√°ticos,Triggers para auto-calcular m√©tricas e criar issues,N/A,HIGH,Conclu√≠do
‚úÖ DONE,Done,Database,Views de M√©tricas,Views crt_metrics e top_issues para dashboard,N/A,HIGH,Conclu√≠do